firstname,lastname,email,type,Name,billingcity,billingcountry,billingpostalcode,billingstate,id
Albertina,Paine,Albertina.Paine@yopmail.com,doctor,Albertina.Paine,Canberra,New Zealand,CH,Ohio,100
Raf,Virgin,Raf.Virgin@yopmail.com,firefighter,Raf.Virgin,Dunedin,Svalbard and Jan Mayen,GA,Texas,101
Tami,Lilybelle,Tami.Lilybelle@yopmail.com,developer,Tami.Lilybelle,Luxembourg (city),Bangladesh,MN,Texas,102
Dale,Westphal,Dale.Westphal@yopmail.com,firefighter,Dale.Westphal,Tagbilaran,French Polynesia,AM,Michigan,103
Theodora,Scammon,Theodora.Scammon@yopmail.com,firefighter,Theodora.Scammon,Libreville,Vanuatu,NP,North Carolina,104
Melanie,Trace,Melanie.Trace@yopmail.com,police officer,Melanie.Trace,Dammam,Bouvet Island,NE,Utah,105
Sibella,Japeth,Sibella.Japeth@yopmail.com,worker,Sibella.Japeth,Gibraltar,Guinea,UA,Georgia,106
Grier,Longfellow,Grier.Longfellow@yopmail.com,doctor,Grier.Longfellow,Dsseldorf,"Korea, Republic of",BZ,Washington,107
Calla,Morehouse,Calla.Morehouse@yopmail.com,developer,Calla.Morehouse,Cardiff,Burundi,ZA,Illinois,108
Meghann,Harl,Meghann.Harl@yopmail.com,firefighter,Meghann.Harl,Rawalpindi,Kazakhstan,SE,South Dakota,109
Lusa,Sawtelle,Lusa.Sawtelle@yopmail.com,doctor,Lusa.Sawtelle,Baha Blanca,Antigua and Barbuda,BJ,Michigan,110
Gui,Leopold,Gui.Leopold@yopmail.com,developer,Gui.Leopold,Zhengzhou,Western Sahara,SC,New Hampshire,111
Fred,Skurnik,Fred.Skurnik@yopmail.com,worker,Fred.Skurnik,Bratislava,Liechtenstein,EC,Wyoming,112
Patricia,Hutchison,Patricia.Hutchison@yopmail.com,worker,Patricia.Hutchison,Luxembourg (city),Thailand,LA,Texas,113
Leeanne,Astra,Leeanne.Astra@yopmail.com,police officer,Leeanne.Astra,Yogyakarta (city),Algeria,KI,South Carolina,114
Marjie,Garlinda,Marjie.Garlinda@yopmail.com,developer,Marjie.Garlinda,Palembang,Costa Rica,LC,Delaware,115
Aimil,Tice,Aimil.Tice@yopmail.com,firefighter,Aimil.Tice,Alexandria,Sweden,SI,Minnesota,116
Patricia,Blisse,Patricia.Blisse@yopmail.com,developer,Patricia.Blisse,Aberdeen,Myanmar,NZ,Utah,117
Hermione,Fancie,Hermione.Fancie@yopmail.com,worker,Hermione.Fancie,Fairbanks,Ethiopia,CU,Wyoming,118
Britte,Halsey,Britte.Halsey@yopmail.com,developer,Britte.Halsey,Vaduz,Yemen,KE,Maryland,119
Kristina,Toffic,Kristina.Toffic@yopmail.com,developer,Kristina.Toffic,Udon Thani,Sierra Leone,CM,Connecticut,120
Dulcinea,Erlandson,Dulcinea.Erlandson@yopmail.com,doctor,Dulcinea.Erlandson,Nashville,Togo,FK,Maryland,121
Wileen,Mathilde,Wileen.Mathilde@yopmail.com,doctor,Wileen.Mathilde,Lilongwe,Iceland,NI,North Carolina,122
Blake,Gert,Blake.Gert@yopmail.com,worker,Blake.Gert,St. Louis,Armenia,IE,Missouri,123
Tarra,Lamoree,Tarra.Lamoree@yopmail.com,worker,Tarra.Lamoree,Buffalo,Egypt,GT,Virginia,124
Karena,Vilma,Karena.Vilma@yopmail.com,police officer,Karena.Vilma,Samara,Niue,GU,Rhode Island,125
Olivette,Vorster,Olivette.Vorster@yopmail.com,developer,Olivette.Vorster,Boa Vista,Ireland,BV,Alaska,126
Deane,Helve,Deane.Helve@yopmail.com,doctor,Deane.Helve,Rockhampton,Brazil,CG,Oklahoma,127
Nariko,Shama,Nariko.Shama@yopmail.com,police officer,Nariko.Shama,Macapá,Grenada,ZM,New Jersey,128
Dotty,Greyson,Dotty.Greyson@yopmail.com,police officer,Dotty.Greyson,Bogor,Oman,ER,Nevada,129
Olwen,Masao,Olwen.Masao@yopmail.com,doctor,Olwen.Masao,Chongjin,Seychelles,PT,Wyoming,130
Tierney,Atonsah,Tierney.Atonsah@yopmail.com,developer,Tierney.Atonsah,Basra,land Islands,RW,Colorado,131
Katuscha,Georgy,Katuscha.Georgy@yopmail.com,police officer,Katuscha.Georgy,Lisbon,Yemen,UG,North Carolina,132
Krystle,Ralfston,Krystle.Ralfston@yopmail.com,firefighter,Krystle.Ralfston,Tokyo,Guinea,FM,Maine,133
Darlleen,Knowling,Darlleen.Knowling@yopmail.com,firefighter,Darlleen.Knowling,Lilongwe,Luxembourg,IT,Minnesota,134
Judy,Brady,Judy.Brady@yopmail.com,doctor,Judy.Brady,Kuching,Maldives,ZM,Massachusetts,135
Mildrid,Urania,Mildrid.Urania@yopmail.com,doctor,Mildrid.Urania,Fredericton,India,GF,Washington,136
Riannon,Greenwald,Riannon.Greenwald@yopmail.com,doctor,Riannon.Greenwald,Cork (city),Lithuania,BZ,Michigan,137
Lulita,Brackely,Lulita.Brackely@yopmail.com,police officer,Lulita.Brackely,Adak,Uganda,GM,Arkansas,138
Elfreda,Goode,Elfreda.Goode@yopmail.com,police officer,Elfreda.Goode,Cincinnati,Slovakia,SO,Virginia,139
Elena,Loeb,Elena.Loeb@yopmail.com,firefighter,Elena.Loeb,Winnipeg,Mayotte,SZ,Oklahoma,140
Leeanne,Nunci,Leeanne.Nunci@yopmail.com,police officer,Leeanne.Nunci,Simferopol,Israel,CY,Louisiana,141
Lyssa,Codding,Lyssa.Codding@yopmail.com,police officer,Lyssa.Codding,Panama City,Svalbard and Jan Mayen,MV,California,142
Pamella,Candy,Pamella.Candy@yopmail.com,firefighter,Pamella.Candy,Kaesong,land Islands,GP,Arizona,143
Brena,Hepsibah,Brena.Hepsibah@yopmail.com,doctor,Brena.Hepsibah,Lobamba,Afghanistan,SB,New Jersey,144
Carmela,Abram,Carmela.Abram@yopmail.com,developer,Carmela.Abram,Gothenburg,"Tanzania, United Republic of",AE,Oklahoma,145
Tarra,Berriman,Tarra.Berriman@yopmail.com,firefighter,Tarra.Berriman,San Carlos de Bariloche,Libyan Arab Jamahiriya,LA,Delaware,146
Cristabel,Jerold,Cristabel.Jerold@yopmail.com,firefighter,Cristabel.Jerold,Tbilisi,Kenya,PT,Delaware,147
Meg,Haldas,Meg.Haldas@yopmail.com,firefighter,Meg.Haldas,Barcelona,Solomon Islands,JP,Washington,148
Chandra,Grobe,Chandra.Grobe@yopmail.com,worker,Chandra.Grobe,Papeete,Tunisia,GD,Arizona,149
Laure,Lane,Laure.Lane@yopmail.com,developer,Laure.Lane,Calama,Togo,IS,Massachusetts,150
Pierette,Tamar,Pierette.Tamar@yopmail.com,police officer,Pierette.Tamar,Espoo,Sri Lanka,SL,Connecticut,151
Maridel,Hieronymus,Maridel.Hieronymus@yopmail.com,doctor,Maridel.Hieronymus,Quezon City,Zambia,BG,Minnesota,152
Max,Zitvaa,Max.Zitvaa@yopmail.com,worker,Max.Zitvaa,Asmara,United States,SB,Nebraska,153
Florencia,Cadmar,Florencia.Cadmar@yopmail.com,worker,Florencia.Cadmar,Surat Thani,Bulgaria,KI,Illinois,154
Krystle,Jerald,Krystle.Jerald@yopmail.com,police officer,Krystle.Jerald,Belfast,Azerbaijan,GW,Delaware,155
Gilda,Emanuel,Gilda.Emanuel@yopmail.com,police officer,Gilda.Emanuel,Mecca,Palau,GY,Vermont,156
Gaylene,Karl,Gaylene.Karl@yopmail.com,doctor,Gaylene.Karl,Cockburn Town,Mongolia,BE,Texas,157
Alia,Jalbert,Alia.Jalbert@yopmail.com,doctor,Alia.Jalbert,Ho Chi Minh City,Sweden,PY,Idaho,158
Monika,Richers,Monika.Richers@yopmail.com,developer,Monika.Richers,Adelaide,Greenland,SN,,159
Pearline,Etom,Pearline.Etom@yopmail.com,worker,Pearline.Etom,Hai Phong,Kazakhstan,FO,Delaware,160
Netty,Rosemary,Netty.Rosemary@yopmail.com,worker,Netty.Rosemary,Belize City,Namibia,PY,Indiana,161
Merry,Uird,Merry.Uird@yopmail.com,doctor,Merry.Uird,Almaty,Brunei Darussalam,NP,North Carolina,162
Ekaterina,Jotham,Ekaterina.Jotham@yopmail.com,doctor,Ekaterina.Jotham,Hai Phong,Costa Rica,MP,Vermont,163
Yvonne,Carmena,Yvonne.Carmena@yopmail.com,police officer,Yvonne.Carmena,Buffalo,Macao,IO,Connecticut,164
Coral,Fleeta,Coral.Fleeta@yopmail.com,police officer,Coral.Fleeta,Kyoto,Burkina Faso,AD,Florida,165
Moyna,Nedrud,Moyna.Nedrud@yopmail.com,firefighter,Moyna.Nedrud,Baha Blanca,"Cote D""Ivoire",AF,Texas,166
Dede,Tengdin,Dede.Tengdin@yopmail.com,firefighter,Dede.Tengdin,Namangan,Cook Islands,NU,South Carolina,167
Rochette,Ranjiv,Rochette.Ranjiv@yopmail.com,firefighter,Rochette.Ranjiv,Hanover,Bulgaria,TN,South Dakota,168
Magdalena,Hillel,Magdalena.Hillel@yopmail.com,worker,Magdalena.Hillel,Hargeisa,Kyrgyzstan,CG,Utah,169
Angela,Hamil,Angela.Hamil@yopmail.com,firefighter,Angela.Hamil,Simferopol,Grenada,BB,South Dakota,170
Dacia,Junie,Dacia.Junie@yopmail.com,developer,Dacia.Junie,Libreville,Canada,NU,Delaware,171
Romona,Wareing,Romona.Wareing@yopmail.com,developer,Romona.Wareing,Tijuana,Guinea,BT,Ohio,172
Gusty,Darbie,Gusty.Darbie@yopmail.com,worker,Gusty.Darbie,Ahmedabad,Trinidad and Tobago,RU,,173
Gusty,Tound,Gusty.Tound@yopmail.com,developer,Gusty.Tound,Yokohama,Singapore,RU,Wyoming,174
Drucie,Colyer,Drucie.Colyer@yopmail.com,police officer,Drucie.Colyer,Mumbai,Australia,MA,New Jersey,175
Asia,Marsden,Asia.Marsden@yopmail.com,doctor,Asia.Marsden,Santa Cruz de la Sierra,Qatar,TN,Louisiana,176
Elka,Tamar,Elka.Tamar@yopmail.com,police officer,Elka.Tamar,Adana,Namibia,KN,Hawaii,177
Glynnis,Poppy,Glynnis.Poppy@yopmail.com,doctor,Glynnis.Poppy,Dallas,Nigeria,SD,North Carolina,178
Clarice,Oster,Clarice.Oster@yopmail.com,worker,Clarice.Oster,Barcelona,Guam,PF,Indiana,179
Keelia,Knowling,Keelia.Knowling@yopmail.com,police officer,Keelia.Knowling,Stepanakert,Suriname,KI,Alaska,180
Merrie,Anastatius,Merrie.Anastatius@yopmail.com,worker,Merrie.Anastatius,Tórshavn,Congo,IQ,North Carolina,181
Nita,Bouchard,Nita.Bouchard@yopmail.com,police officer,Nita.Bouchard,Puebla,Saudi Arabia,GF,Vermont,182
Elie,Boycey,Elie.Boycey@yopmail.com,police officer,Elie.Boycey,Luanda,Tajikistan,IE,Pennsylvania,183
Joy,Ferino,Joy.Ferino@yopmail.com,police officer,Joy.Ferino,Aarhus,Morocco,SB,Maryland,184
Liana,Baylor,Liana.Baylor@yopmail.com,worker,Liana.Baylor,Hamilton,Tuvalu,ZM,Montana,185
Thalia,Crudden,Thalia.Crudden@yopmail.com,police officer,Thalia.Crudden,Ljubljana,Brunei Darussalam,CY,Maryland,186
Xylina,Sekofski,Xylina.Sekofski@yopmail.com,worker,Xylina.Sekofski,Brazzaville,Guam,KR,Louisiana,187
Lorne,Roche,Lorne.Roche@yopmail.com,doctor,Lorne.Roche,Nice,American Samoa,PG,Michigan,188
Minne,Ashok,Minne.Ashok@yopmail.com,firefighter,Minne.Ashok,Skopje,India,MO,Oregon,189
Kamilah,Oscar,Kamilah.Oscar@yopmail.com,doctor,Kamilah.Oscar,Dublin,Nepal,TN,Massachusetts,190
Charmaine,Bevin,Charmaine.Bevin@yopmail.com,developer,Charmaine.Bevin,Alexandria,Western Sahara,ZW,Iowa,191
Melisent,Milde,Melisent.Milde@yopmail.com,firefighter,Melisent.Milde,Enugu,Burkina Faso,NZ,Ohio,192
Celene,Posner,Celene.Posner@yopmail.com,police officer,Celene.Posner,Rochester,Belgium,GQ,Connecticut,193
Janey,Terrence,Janey.Terrence@yopmail.com,developer,Janey.Terrence,Rotterdam,Mexico,MT,Alabama,194
Genevra,Tillford,Genevra.Tillford@yopmail.com,firefighter,Genevra.Tillford,Adamstown,Isle of Man,ZM,Kentucky,195
Ingrid,Newell,Ingrid.Newell@yopmail.com,worker,Ingrid.Newell,Amritsar,Eritrea,MH,Arizona,196
Katuscha,Pettiford,Katuscha.Pettiford@yopmail.com,developer,Katuscha.Pettiford,Hai Phong,Austria,FK,Illinois,197
Hope,Baptlsta,Hope.Baptlsta@yopmail.com,developer,Hope.Baptlsta,Koulikoro,Antarctica,RO,New Hampshire,198
Jenilee,Persse,Jenilee.Persse@yopmail.com,police officer,Jenilee.Persse,Punta Arenas,India,BI,North Dakota,199
Glenda,Riva,Glenda.Riva@yopmail.com,worker,Glenda.Riva,San Fernando,Cyprus,HM,North Carolina,200
Kassey,Sherfield,Kassey.Sherfield@yopmail.com,firefighter,Kassey.Sherfield,Honiara,Lesotho,MH,Indiana,201
Albertina,Center,Albertina.Center@yopmail.com,firefighter,Albertina.Center,Strasbourg,Malawi,ER,Michigan,202
Leia,Kiyoshi,Leia.Kiyoshi@yopmail.com,worker,Leia.Kiyoshi,Douala,Tunisia,SC,Illinois,203
Emylee,Charity,Emylee.Charity@yopmail.com,firefighter,Emylee.Charity,Anchorage,Cayman Islands,TT,Iowa,204
Regina,Cherianne,Regina.Cherianne@yopmail.com,developer,Regina.Cherianne,Seoul,Belgium,GN,Hawaii,205
Kayla,Catie,Kayla.Catie@yopmail.com,doctor,Kayla.Catie,Prague,Puerto Rico,MA,Maine,206
Kittie,Brieta,Kittie.Brieta@yopmail.com,firefighter,Kittie.Brieta,San Carlos de Bariloche,Bolivia,JP,Arizona,207
Arabel,Iiette,Arabel.Iiette@yopmail.com,firefighter,Arabel.Iiette,Siem Reap,AndorrA,IE,North Carolina,208
Frank,Leffen,Frank.Leffen@yopmail.com,worker,Frank.Leffen,Gibraltar,Ghana,MS,New Mexico,209
Diena,Marlie,Diena.Marlie@yopmail.com,police officer,Diena.Marlie,Canberra,"Palestinian Territory, Occupied",CK,Rhode Island,210
Kirbee,Blase,Kirbee.Blase@yopmail.com,firefighter,Kirbee.Blase,Harare,Congo,PW,South Carolina,211
Nadine,Tayib,Nadine.Tayib@yopmail.com,firefighter,Nadine.Tayib,Lahore,Netherlands Antilles,MY,,212
Oona,Truc,Oona.Truc@yopmail.com,worker,Oona.Truc,Las Palmas de Gran Canaria,Latvia,NU,Wisconsin,213
Lexine,Lemuela,Lexine.Lemuela@yopmail.com,worker,Lexine.Lemuela,Denver,Estonia,SY,Maine,214
Ada,Diann,Ada.Diann@yopmail.com,police officer,Ada.Diann,Manzini,Cyprus,YE,Mississippi,215
Jorry,Truc,Jorry.Truc@yopmail.com,developer,Jorry.Truc,Jaipur,Australia,AD,Vermont,216
Joelly,Harl,Joelly.Harl@yopmail.com,doctor,Joelly.Harl,Siem Reap,Eritrea,VC,Connecticut,217
Elsie,Havens,Elsie.Havens@yopmail.com,doctor,Elsie.Havens,Phuket (city),Tonga,BO,Utah,218
Joeann,Carri,Joeann.Carri@yopmail.com,developer,Joeann.Carri,Surabaya,Saint Lucia,KG,Arizona,219
Siana,Kronfeld,Siana.Kronfeld@yopmail.com,worker,Siana.Kronfeld,Bilbao,Faroe Islands,TC,Vermont,220
Sharai,Slifka,Sharai.Slifka@yopmail.com,developer,Sharai.Slifka,Rio de Janeiro,Bahamas,NR,Connecticut,221
Emma,Carmena,Emma.Carmena@yopmail.com,firefighter,Emma.Carmena,Montreal,"Virgin Islands, U.S.",AG,Connecticut,222
Elena,Andrel,Elena.Andrel@yopmail.com,developer,Elena.Andrel,Cologne,Portugal,AX,New Jersey,223
Meghann,Ackerley,Meghann.Ackerley@yopmail.com,police officer,Meghann.Ackerley,Vatican City,Jordan,LS,Oregon,224
Ira,Jammal,Ira.Jammal@yopmail.com,police officer,Ira.Jammal,Sofia,Sierra Leone,SY,,225
Binny,Kravits,Binny.Kravits@yopmail.com,police officer,Binny.Kravits,Cuiabá,Monaco,SK,Oregon,226
Ivett,Tremayne,Ivett.Tremayne@yopmail.com,developer,Ivett.Tremayne,Abu Dhabi,Cambodia,VC,,227
Danny,Niles,Danny.Niles@yopmail.com,police officer,Danny.Niles,Port Hedland,Haiti,MS,New Mexico,228
Lila,Philoo,Lila.Philoo@yopmail.com,doctor,Lila.Philoo,Enugu,Gibraltar,PM,California,229
Caritta,Wiener,Caritta.Wiener@yopmail.com,doctor,Caritta.Wiener,Suez,Burundi,PN,South Dakota,230
Roslyn,Merell,Roslyn.Merell@yopmail.com,police officer,Roslyn.Merell,Medan,Angola,CI,Alaska,231
Gerrie,Girardo,Gerrie.Girardo@yopmail.com,police officer,Gerrie.Girardo,Koulikoro,Lithuania,UG,Massachusetts,232
Peri,Eiser,Peri.Eiser@yopmail.com,doctor,Peri.Eiser,Tianjin,American Samoa,LI,Arizona,233
Rosabelle,Screens,Rosabelle.Screens@yopmail.com,developer,Rosabelle.Screens,Sacramento,Belgium,MH,,234
Shell,Trace,Shell.Trace@yopmail.com,firefighter,Shell.Trace,Gibraltar,Russian Federation,BA,North Dakota,235
Lelah,Sprage,Lelah.Sprage@yopmail.com,worker,Lelah.Sprage,Monterrey,Chile,KM,Oklahoma,236
Sissy,Percy,Sissy.Percy@yopmail.com,firefighter,Sissy.Percy,Kota Kinabalu,French Polynesia,LY,North Dakota,237
Feliza,Si,Feliza.Si@yopmail.com,police officer,Feliza.Si,Handan,French Southern Territories,SO,Nebraska,238
Paola,Raffo,Paola.Raffo@yopmail.com,firefighter,Paola.Raffo,Vaduz,Sao Tome and Principe,FK,Alaska,239
Orsola,Marlie,Orsola.Marlie@yopmail.com,doctor,Orsola.Marlie,Semarang,Kyrgyzstan,BW,Georgia,240
Sheelagh,Weitman,Sheelagh.Weitman@yopmail.com,worker,Sheelagh.Weitman,Curitiba,Angola,CX,Wyoming,241
Alyssa,Malvino,Alyssa.Malvino@yopmail.com,developer,Alyssa.Malvino,Fairbanks,Monaco,GR,Kansas,242
Marguerite,Fosque,Marguerite.Fosque@yopmail.com,doctor,Marguerite.Fosque,Shanghai,Turkey,SJ,Nevada,243
Nadine,Oscar,Nadine.Oscar@yopmail.com,police officer,Nadine.Oscar,Hong Kong,Viet Nam,CS,,244
Natka,Kristi,Natka.Kristi@yopmail.com,doctor,Natka.Kristi,Saint-Pierre,Heard Island and Mcdonald Islands,GR,Mississippi,245
Harrietta,Bertold,Harrietta.Bertold@yopmail.com,firefighter,Harrietta.Bertold,Perth,China,NO,Oklahoma,246
Allyce,Zamora,Allyce.Zamora@yopmail.com,police officer,Allyce.Zamora,Almaty,Aruba,ZA,Michigan,247
Andree,Ackerley,Andree.Ackerley@yopmail.com,developer,Andree.Ackerley,Austin,Saint Kitts and Nevis,CO,Alabama,248
Alejandra,Gusella,Alejandra.Gusella@yopmail.com,developer,Alejandra.Gusella,Medan,Indonesia,BG,Illinois,249
Danny,Hachmin,Danny.Hachmin@yopmail.com,police officer,Danny.Hachmin,Quetzaltenango,Monaco,AU,Colorado,250
Dulcinea,Chabot,Dulcinea.Chabot@yopmail.com,worker,Dulcinea.Chabot,Melekeok,Thailand,UM,Florida,251
Gale,Faust,Gale.Faust@yopmail.com,firefighter,Gale.Faust,Cannes,Kuwait,AT,Florida,252
Jemie,Joachim,Jemie.Joachim@yopmail.com,firefighter,Jemie.Joachim,Bergen,Finland,HK,Georgia,253
Wilma,Abbot,Wilma.Abbot@yopmail.com,police officer,Wilma.Abbot,Chihuahua,"Lao People""S Democratic Republic",CD,New Jersey,254
Tori,Sikorski,Tori.Sikorski@yopmail.com,doctor,Tori.Sikorski,Francistown,Singapore,AF,New Jersey,255
Catrina,O'Neill,Catrina.O'Neill@yopmail.com,worker,Catrina.O'Neill,Bujumbura,Gabon,AF,,256
Marylou,Carbo,Marylou.Carbo@yopmail.com,firefighter,Marylou.Carbo,Valletta,"Congo, The Democratic Republic of the",CR,Mississippi,257
Jolyn,Natalia,Jolyn.Natalia@yopmail.com,developer,Jolyn.Natalia,Bursa,"Tanzania, United Republic of",GS,New Mexico,258
Carolina,Leifeste,Carolina.Leifeste@yopmail.com,firefighter,Carolina.Leifeste,Curitiba,Kenya,BG,Michigan,259
Wileen,Payson,Wileen.Payson@yopmail.com,firefighter,Wileen.Payson,Apia,Faroe Islands,VA,Kentucky,260
Malina,Hermes,Malina.Hermes@yopmail.com,doctor,Malina.Hermes,Maputo,United States Minor Outlying Islands,YE,Illinois,261
Leona,Diogenes,Leona.Diogenes@yopmail.com,police officer,Leona.Diogenes,Rabi Island,Guinea-Bissau,GU,Illinois,262
Jaime,Noelyn,Jaime.Noelyn@yopmail.com,doctor,Jaime.Noelyn,Saint Petersburg,Zimbabwe,LK,Tennessee,263
Frieda,Millda,Frieda.Millda@yopmail.com,doctor,Frieda.Millda,Semarang,Tunisia,AZ,West Virginia,264
Renae,Old,Renae.Old@yopmail.com,developer,Renae.Old,Amman,AndorrA,PF,Iowa,265
Drucie,Joseph,Drucie.Joseph@yopmail.com,worker,Drucie.Joseph,Port Hedland,"Palestinian Territory, Occupied",HK,Utah,266
Clarice,Klotz,Clarice.Klotz@yopmail.com,police officer,Clarice.Klotz,Hamburg,Reunion,PR,,267
Joeann,Alfons,Joeann.Alfons@yopmail.com,developer,Joeann.Alfons,Koror,Belize,BV,Alabama,268
Fanny,Ciro,Fanny.Ciro@yopmail.com,police officer,Fanny.Ciro,Malmö,Uzbekistan,CD,Wisconsin,269
Annecorinne,Kelula,Annecorinne.Kelula@yopmail.com,doctor,Annecorinne.Kelula,Bratislava,Poland,DE,Connecticut,270
Elbertina,Minetta,Elbertina.Minetta@yopmail.com,police officer,Elbertina.Minetta,St. George's,Turkey,MC,Texas,271
Cyb,Chobot,Cyb.Chobot@yopmail.com,worker,Cyb.Chobot,Hamilton,Suriname,TL,Texas,272
June,Ephrem,June.Ephrem@yopmail.com,police officer,June.Ephrem,Adak,Mexico,KY,Nebraska,273
Harrietta,Rodmann,Harrietta.Rodmann@yopmail.com,doctor,Harrietta.Rodmann,Kuala Lumpur,Niue,ZW,Florida,274
Carolina,Esmaria,Carolina.Esmaria@yopmail.com,developer,Carolina.Esmaria,Luxor,Antarctica,MK,Massachusetts,275
Darci,Angelis,Darci.Angelis@yopmail.com,worker,Darci.Angelis,Tampa,Turkmenistan,CA,Alabama,276
Aurore,Gladstone,Aurore.Gladstone@yopmail.com,worker,Aurore.Gladstone,Nuuk,Falkland Islands (Malvinas),DM,New York,277
Jillayne,Mendez,Jillayne.Mendez@yopmail.com,worker,Jillayne.Mendez,Mwanza,France,GF,Arizona,278
Nicoli,Mallon,Nicoli.Mallon@yopmail.com,firefighter,Nicoli.Mallon,Valletta,Qatar,ML,Tennessee,279
Emma,Roscoe,Emma.Roscoe@yopmail.com,firefighter,Emma.Roscoe,Omsk,"Moldova, Republic of",BA,South Dakota,280
Lita,Gillan,Lita.Gillan@yopmail.com,doctor,Lita.Gillan,Surabaya,Yemen,MP,Missouri,281
Emylee,Grosz,Emylee.Grosz@yopmail.com,police officer,Emylee.Grosz,Canberra,Northern Mariana Islands,VI,Indiana,282
Roxane,Dorcy,Roxane.Dorcy@yopmail.com,doctor,Roxane.Dorcy,Durango,Peru,PA,Kentucky,283
Jsandye,Uird,Jsandye.Uird@yopmail.com,developer,Jsandye.Uird,Balikpapan,Puerto Rico,ID,Texas,284
Aryn,Carey,Aryn.Carey@yopmail.com,police officer,Aryn.Carey,Frankfurt,Cameroon,GP,Arizona,285
Deloria,McLaughlin,Deloria.McLaughlin@yopmail.com,worker,Deloria.McLaughlin,Stanley,"Moldova, Republic of",TM,New York,286
Roz,Mata,Roz.Mata@yopmail.com,police officer,Roz.Mata,San Salvador,New Zealand,GN,Maryland,287
Talya,Sinegold,Talya.Sinegold@yopmail.com,worker,Talya.Sinegold,Guadalajara,San Marino,PW,Louisiana,288
Daryl,Howlyn,Daryl.Howlyn@yopmail.com,police officer,Daryl.Howlyn,Porto Alegre,Mauritania,DZ,Utah,289
Ida,Chapland,Ida.Chapland@yopmail.com,doctor,Ida.Chapland,Pretoria,Christmas Island,IN,Arizona,290
Caritta,Medrek,Caritta.Medrek@yopmail.com,doctor,Caritta.Medrek,Kandahar,"Moldova, Republic of",ZA,Oregon,291
Konstance,August,Konstance.August@yopmail.com,firefighter,Konstance.August,Johannesburg,"Tanzania, United Republic of",CC,Nevada,292
Margette,Richers,Margette.Richers@yopmail.com,worker,Margette.Richers,Suva,United Arab Emirates,FO,Florida,293
Brana,Yam,Brana.Yam@yopmail.com,police officer,Brana.Yam,Thiès,Iraq,PT,North Dakota,294
Angela,Stelle,Angela.Stelle@yopmail.com,doctor,Angela.Stelle,Honiara,Viet Nam,JO,New Mexico,295
Raina,Douglass,Raina.Douglass@yopmail.com,developer,Raina.Douglass,Reykjavk,Mongolia,PL,Kentucky,296
Evaleen,Craggie,Evaleen.Craggie@yopmail.com,police officer,Evaleen.Craggie,Lagos,Mali,VC,California,297
Dolli,Eugenia,Dolli.Eugenia@yopmail.com,doctor,Dolli.Eugenia,Baltimore,Liechtenstein,PG,Florida,298
Libbie,Croix,Libbie.Croix@yopmail.com,police officer,Libbie.Croix,Sri Jayawardenapura-Kotte,Gabon,ML,Wisconsin,299
Clary,Bury,Clary.Bury@yopmail.com,police officer,Clary.Bury,Mecca,Algeria,EH,Oklahoma,300
Hallie,Shelba,Hallie.Shelba@yopmail.com,worker,Hallie.Shelba,Saskatoon,Western Sahara,FO,Texas,301
Arlina,Robertson,Arlina.Robertson@yopmail.com,police officer,Arlina.Robertson,Naples,British Indian Ocean Territory,CZ,Washington,302
Aeriela,Behre,Aeriela.Behre@yopmail.com,developer,Aeriela.Behre,Pristina,Luxembourg,CH,Vermont,303
Susette,Louanna,Susette.Louanna@yopmail.com,worker,Susette.Louanna,Vaduz,"Macedonia, The Former Yugoslav Republic of",VU,Ohio,304
Sue,Ilka,Sue.Ilka@yopmail.com,developer,Sue.Ilka,Port Blair,Vanuatu,KZ,Oregon,305
Judy,Lowry,Judy.Lowry@yopmail.com,developer,Judy.Lowry,New Orleans,Christmas Island,WF,New Mexico,306
Bill,Shields,Bill.Shields@yopmail.com,police officer,Bill.Shields,Manzini,Jersey,QA,Indiana,307
Sara-Ann,Morehouse,Sara-Ann.Morehouse@yopmail.com,firefighter,Sara-Ann.Morehouse,Surat Thani,Chile,AO,,308
Marguerite,Arquit,Marguerite.Arquit@yopmail.com,firefighter,Marguerite.Arquit,Bratislava,"Cote D""Ivoire",LA,Colorado,309
Doro,Greyson,Doro.Greyson@yopmail.com,worker,Doro.Greyson,Libreville,Chad,PS,Arizona,310
Tani,Hillel,Tani.Hillel@yopmail.com,doctor,Tani.Hillel,Port Moresby,Kyrgyzstan,KN,Utah,311
Dulce,Sandye,Dulce.Sandye@yopmail.com,doctor,Dulce.Sandye,Oklahoma City,Norway,AZ,Delaware,312
Rhoda,Thomasina,Rhoda.Thomasina@yopmail.com,developer,Rhoda.Thomasina,Nakhon Ratchasima,Panama,CG,Indiana,313
Rosabelle,Hailee,Rosabelle.Hailee@yopmail.com,police officer,Rosabelle.Hailee,Paramaribo,Nepal,ML,Indiana,314
Perry,Rugen,Perry.Rugen@yopmail.com,developer,Perry.Rugen,Las Vegas,Zimbabwe,ZA,,315
Rani,Frodi,Rani.Frodi@yopmail.com,worker,Rani.Frodi,Banjul,Saint Lucia,SN,Hawaii,316
Rani,Karl,Rani.Karl@yopmail.com,developer,Rani.Karl,Dallas,Solomon Islands,GN,South Dakota,317
Gaylene,Leonard,Gaylene.Leonard@yopmail.com,developer,Gaylene.Leonard,Malmö,Tokelau,MR,Vermont,318
Ilse,Stover,Ilse.Stover@yopmail.com,worker,Ilse.Stover,Monaco,Mongolia,EG,Arkansas,319
Lelah,Thar,Lelah.Thar@yopmail.com,worker,Lelah.Thar,Kobe,Afghanistan,ST,Iowa,320
Margette,Ferrell,Margette.Ferrell@yopmail.com,doctor,Margette.Ferrell,Valencia,Yemen,KW,Missouri,321
Viviene,Parette,Viviene.Parette@yopmail.com,firefighter,Viviene.Parette,Lisbon,Malaysia,LY,North Carolina,322
Roberta,Rese,Roberta.Rese@yopmail.com,firefighter,Roberta.Rese,Namangan,Yemen,BJ,,323
Bobbi,Ax,Bobbi.Ax@yopmail.com,developer,Bobbi.Ax,Oranjestad,Madagascar,KW,Connecticut,324
Giustina,Clarissa,Giustina.Clarissa@yopmail.com,police officer,Giustina.Clarissa,Sydney,Saint Lucia,IO,Oregon,325
Theodora,Thar,Theodora.Thar@yopmail.com,police officer,Theodora.Thar,Amritsar,Jersey,MG,Nebraska,326
Raf,Oster,Raf.Oster@yopmail.com,doctor,Raf.Oster,Marrakech,Senegal,KZ,New Mexico,327
Kayla,Darbie,Kayla.Darbie@yopmail.com,worker,Kayla.Darbie,San Francisco,Gibraltar,ZM,Virginia,328
Allyce,Chandler,Allyce.Chandler@yopmail.com,worker,Allyce.Chandler,Curitiba,Maldives,HK,Hawaii,329
Sashenka,Linehan,Sashenka.Linehan@yopmail.com,developer,Sashenka.Linehan,Vladivostok,Honduras,CV,Nebraska,330
Adore,Longfellow,Adore.Longfellow@yopmail.com,worker,Adore.Longfellow,Calgary,AndorrA,AQ,Georgia,331
Clary,Astra,Clary.Astra@yopmail.com,worker,Clary.Astra,Virginia Beach,Portugal,TT,Nevada,332
Gratia,Presber,Gratia.Presber@yopmail.com,firefighter,Gratia.Presber,Raleigh,Burundi,NE,Connecticut,333
Kelly,Baptlsta,Kelly.Baptlsta@yopmail.com,worker,Kelly.Baptlsta,Thimphu,Nepal,SL,Utah,334
Elbertina,Blake,Elbertina.Blake@yopmail.com,developer,Elbertina.Blake,Beirut,Anguilla,TG,Hawaii,335
Tera,Cullin,Tera.Cullin@yopmail.com,worker,Tera.Cullin,Chu,Togo,IR,Arizona,336
Lelah,O'Carroll,Lelah.O'Carroll@yopmail.com,worker,Lelah.O'Carroll,Malacca Town,Wallis and Futuna,CU,Maryland,337
Tiffie,Couture,Tiffie.Couture@yopmail.com,worker,Tiffie.Couture,Ndola,China,VU,Wyoming,338
Rochette,Pattin,Rochette.Pattin@yopmail.com,firefighter,Rochette.Pattin,Chihuahua,Egypt,IR,West Virginia,339
Sashenka,Darbie,Sashenka.Darbie@yopmail.com,firefighter,Sashenka.Darbie,The Valley,Argentina,MK,Connecticut,340
Elmira,Goldina,Elmira.Goldina@yopmail.com,doctor,Elmira.Goldina,Aarhus,Uganda,AS,Oregon,341
Oralee,Alrich,Oralee.Alrich@yopmail.com,police officer,Oralee.Alrich,Yekaterinburg,Marshall Islands,MH,South Dakota,342
Trudie,Even,Trudie.Even@yopmail.com,firefighter,Trudie.Even,Kiev,Egypt,GN,Missouri,343
Fredericka,Docilla,Fredericka.Docilla@yopmail.com,firefighter,Fredericka.Docilla,Johannesburg,Bahamas,SG,Illinois,344
Mariann,Marijo,Mariann.Marijo@yopmail.com,police officer,Mariann.Marijo,Cape Town,Djibouti,HN,Texas,345
Cathie,Elephus,Cathie.Elephus@yopmail.com,doctor,Cathie.Elephus,Rawalpindi,Tunisia,NR,Oklahoma,346
Eugine,Codding,Eugine.Codding@yopmail.com,doctor,Eugine.Codding,Multan,Guinea-Bissau,BJ,Massachusetts,347
Andeee,Ajay,Andeee.Ajay@yopmail.com,worker,Andeee.Ajay,Luxor,Mauritius,SE,Kentucky,348
Marcy,Obed,Marcy.Obed@yopmail.com,worker,Marcy.Obed,Dongguan,Netherlands,ER,Alabama,349
Winifred,Greyson,Winifred.Greyson@yopmail.com,doctor,Winifred.Greyson,Port Elizabeth,"Virgin Islands, British",YT,Michigan,350
Kate,Shaver,Kate.Shaver@yopmail.com,doctor,Kate.Shaver,Dhaka,Solomon Islands,SR,Alabama,351
Antonietta,Ax,Antonietta.Ax@yopmail.com,police officer,Antonietta.Ax,Dubai,Cambodia,TO,North Carolina,352
Joane,Keelia,Joane.Keelia@yopmail.com,developer,Joane.Keelia,Edinburgh,Belarus,DK,Texas,353
Cissiee,Maroney,Cissiee.Maroney@yopmail.com,developer,Cissiee.Maroney,Kingstown,Egypt,RE,Kentucky,354
Lita,Hirsch,Lita.Hirsch@yopmail.com,worker,Lita.Hirsch,Lagos,Malawi,CR,Georgia,355
Alameda,Howlyn,Alameda.Howlyn@yopmail.com,police officer,Alameda.Howlyn,Guwahati,Congo,KI,Texas,356
Codie,Sholley,Codie.Sholley@yopmail.com,worker,Codie.Sholley,Regina,Argentina,TC,Maryland,357
Corene,Annabella,Corene.Annabella@yopmail.com,doctor,Corene.Annabella,Bogotá,Liechtenstein,BV,Connecticut,358
Henriette,Tomasina,Henriette.Tomasina@yopmail.com,police officer,Henriette.Tomasina,Naples,Saint Kitts and Nevis,LY,Wyoming,359
Lenna,Tippets,Lenna.Tippets@yopmail.com,police officer,Lenna.Tippets,Denver,Tuvalu,JP,Minnesota,360
Brandise,Ricki,Brandise.Ricki@yopmail.com,doctor,Brandise.Ricki,Phuket (city),Bahrain,GL,Massachusetts,361
Maye,Markman,Maye.Markman@yopmail.com,firefighter,Maye.Markman,Ankara,South Georgia and the South Sandwich Islands,LB,Mississippi,362
Vivia,Kermit,Vivia.Kermit@yopmail.com,worker,Vivia.Kermit,Louisville,Bangladesh,VG,Oklahoma,363
Gui,Tiffa,Gui.Tiffa@yopmail.com,doctor,Gui.Tiffa,Perm,Burundi,NA,Utah,364
Sara-Ann,Maiah,Sara-Ann.Maiah@yopmail.com,police officer,Sara-Ann.Maiah,Dallas,Latvia,GU,Michigan,365
Karly,Gregrory,Karly.Gregrory@yopmail.com,doctor,Karly.Gregrory,Mexico City,Czech Republic,GY,Alabama,366
Tomasina,Atcliffe,Tomasina.Atcliffe@yopmail.com,police officer,Tomasina.Atcliffe,Patna,Liberia,PS,Vermont,367
Charmaine,Nahum,Charmaine.Nahum@yopmail.com,worker,Charmaine.Nahum,Rabat,"Macedonia, The Former Yugoslav Republic of",MU,Indiana,368
Evaleen,Belanger,Evaleen.Belanger@yopmail.com,developer,Evaleen.Belanger,Zagreb,land Islands,MW,Indiana,369
Dorene,Letsou,Dorene.Letsou@yopmail.com,firefighter,Dorene.Letsou,Tashkent,Cocos (Keeling) Islands,HK,Minnesota,370
Christal,Goldina,Christal.Goldina@yopmail.com,developer,Christal.Goldina,Santo Domingo,Monaco,MH,Massachusetts,371
Karina,Annabella,Karina.Annabella@yopmail.com,firefighter,Karina.Annabella,St. John's,Venezuela,AT,North Dakota,372
Karina,Carey,Karina.Carey@yopmail.com,worker,Karina.Carey,Anchorage,United Arab Emirates,LT,Indiana,373
Alia,Milson,Alia.Milson@yopmail.com,developer,Alia.Milson,Dushanbe,Togo,KW,,374
Rozele,Westphal,Rozele.Westphal@yopmail.com,doctor,Rozele.Westphal,Vilnius,Hungary,SH,Georgia,375
Yetty,Lilybelle,Yetty.Lilybelle@yopmail.com,worker,Yetty.Lilybelle,Bangui,Belgium,TJ,Alabama,376
Jeanna,Madelene,Jeanna.Madelene@yopmail.com,police officer,Jeanna.Madelene,Liverpool,Tunisia,TZ,New Jersey,377
Ashlee,Gibbeon,Ashlee.Gibbeon@yopmail.com,firefighter,Ashlee.Gibbeon,Sofia,Pakistan,AO,Indiana,378
Giustina,Greyson,Giustina.Greyson@yopmail.com,doctor,Giustina.Greyson,Fredericton,Tonga,EH,Kentucky,379
Petronia,Greenwald,Petronia.Greenwald@yopmail.com,doctor,Petronia.Greenwald,San Fernando,Jordan,KY,Mississippi,380
Giustina,Vernier,Giustina.Vernier@yopmail.com,police officer,Giustina.Vernier,Brussels,Guernsey,TD,Illinois,381
Candy,Sheng,Candy.Sheng@yopmail.com,developer,Candy.Sheng,Thessaloniki,Barbados,LR,South Dakota,382
Sarette,Lail,Sarette.Lail@yopmail.com,developer,Sarette.Lail,Geelong,Lebanon,KM,Arizona,383
Jinny,Hull,Jinny.Hull@yopmail.com,worker,Jinny.Hull,Moscow,Monaco,CC,,384
Margalo,Macey,Margalo.Macey@yopmail.com,police officer,Margalo.Macey,Sucre,Isle of Man,IQ,South Dakota,385
Olivette,Fax,Olivette.Fax@yopmail.com,developer,Olivette.Fax,Riyadh,Tonga,IM,Massachusetts,386
Kassey,Tiffa,Kassey.Tiffa@yopmail.com,worker,Kassey.Tiffa,Pyongyang,Albania,IO,Massachusetts,387
Tybie,Stover,Tybie.Stover@yopmail.com,firefighter,Tybie.Stover,Minneapolis,Mali,JM,Wisconsin,388
Ezmeralda,Honoria,Ezmeralda.Honoria@yopmail.com,worker,Ezmeralda.Honoria,Hamilton,Thailand,KI,California,389
Gusty,Barney,Gusty.Barney@yopmail.com,firefighter,Gusty.Barney,Porto Alegre,New Zealand,GG,Oregon,390
Monika,Cornelia,Monika.Cornelia@yopmail.com,police officer,Monika.Cornelia,Alexandria,Saint Vincent and the Grenadines,IO,Connecticut,391
Susette,Secrest,Susette.Secrest@yopmail.com,firefighter,Susette.Secrest,Skopje,Hong Kong,MQ,Alaska,392
Elise,Myrilla,Elise.Myrilla@yopmail.com,developer,Elise.Myrilla,San Fernando,Tonga,DZ,Arizona,393
Correy,Campball,Correy.Campball@yopmail.com,firefighter,Correy.Campball,Weno,China,DO,New Hampshire,394
Ardenia,Elsinore,Ardenia.Elsinore@yopmail.com,worker,Ardenia.Elsinore,Hangzhou,Trinidad and Tobago,CH,,395
Chere,Reinke,Chere.Reinke@yopmail.com,doctor,Chere.Reinke,Hanga Roa,Nigeria,SL,Nebraska,396
Margalo,Gaal,Margalo.Gaal@yopmail.com,worker,Margalo.Gaal,Muscat,Grenada,UZ,Michigan,397
Constance,Earlie,Constance.Earlie@yopmail.com,worker,Constance.Earlie,Athens,Oman,VG,,398
Jan,Kravits,Jan.Kravits@yopmail.com,worker,Jan.Kravits,Ponta Delgada,Bangladesh,EE,Illinois,399
Giustina,Rustice,Giustina.Rustice@yopmail.com,doctor,Giustina.Rustice,Philadelphia,Cook Islands,SZ,Nebraska,400
Catrina,Huggins,Catrina.Huggins@yopmail.com,firefighter,Catrina.Huggins,Brussels,"Lao People""S Democratic Republic",PN,Connecticut,401
Cyndie,Atcliffe,Cyndie.Atcliffe@yopmail.com,developer,Cyndie.Atcliffe,Bratislava,Canada,SH,,402
Brandise,Hessler,Brandise.Hessler@yopmail.com,doctor,Brandise.Hessler,Providence,Russian Federation,CK,South Dakota,403
Paule,Zenas,Paule.Zenas@yopmail.com,doctor,Paule.Zenas,Campinas,Slovenia,HT,,404
Mireielle,Winnick,Mireielle.Winnick@yopmail.com,worker,Mireielle.Winnick,Kandahar,AndorrA,TN,New Mexico,405
Nonnah,Tound,Nonnah.Tound@yopmail.com,developer,Nonnah.Tound,Saint Petersburg,Palau,SH,Montana,406
Tarra,LaRue,Tarra.LaRue@yopmail.com,worker,Tarra.LaRue,Tiraspol,New Zealand,NZ,Iowa,407
Sindee,Beniamino,Sindee.Beniamino@yopmail.com,firefighter,Sindee.Beniamino,Jerusalem,Vanuatu,FR,Washington,408
Leontine,Dowski,Leontine.Dowski@yopmail.com,doctor,Leontine.Dowski,Gaborone,Saint Kitts and Nevis,MK,Texas,409
Charmaine,Willie,Charmaine.Willie@yopmail.com,doctor,Charmaine.Willie,Helsinki,Lithuania,MO,Texas,410
Cherilyn,Erb,Cherilyn.Erb@yopmail.com,firefighter,Cherilyn.Erb,La Serena,Singapore,LY,Indiana,411
Shirlee,Charity,Shirlee.Charity@yopmail.com,firefighter,Shirlee.Charity,Cape Town,Oman,MS,Wyoming,412
Leanna,Sancho,Leanna.Sancho@yopmail.com,doctor,Leanna.Sancho,Ho Chi Minh City,Reunion,HK,Montana,413
Renae,Ventre,Renae.Ventre@yopmail.com,developer,Renae.Ventre,Udon Thani,Bosnia and Herzegovina,DE,Florida,414
Desirae,Olin,Desirae.Olin@yopmail.com,firefighter,Desirae.Olin,Muscat,French Southern Territories,UG,North Carolina,415
Tomasina,Lucienne,Tomasina.Lucienne@yopmail.com,police officer,Tomasina.Lucienne,Srinagar,Zambia,MS,California,416
Karly,Albertine,Karly.Albertine@yopmail.com,police officer,Karly.Albertine,Buffalo,Qatar,SB,Maryland,417
Kalina,Guildroy,Kalina.Guildroy@yopmail.com,firefighter,Kalina.Guildroy,Kingstown,Slovenia,CU,Missouri,418
Evita,Hathaway,Evita.Hathaway@yopmail.com,worker,Evita.Hathaway,Atlanta,Romania,IE,Rhode Island,419
Shirlee,Jacobah,Shirlee.Jacobah@yopmail.com,doctor,Shirlee.Jacobah,Pelotas,Martinique,KY,Nevada,420
Carree,Hylan,Carree.Hylan@yopmail.com,firefighter,Carree.Hylan,Vitória,Sweden,MU,Michigan,421
Dominga,Dom,Dominga.Dom@yopmail.com,firefighter,Dominga.Dom,Curitiba,Svalbard and Jan Mayen,KY,Connecticut,422
Arlena,Aida,Arlena.Aida@yopmail.com,doctor,Arlena.Aida,Dalian,Poland,MO,Arkansas,423
Fidelia,Bandeen,Fidelia.Bandeen@yopmail.com,police officer,Fidelia.Bandeen,Fortaleza,Jamaica,GY,North Carolina,424
Florie,Raseda,Florie.Raseda@yopmail.com,worker,Florie.Raseda,Makati City,Niger,BD,Minnesota,425
Kirbee,Stanwood,Kirbee.Stanwood@yopmail.com,firefighter,Kirbee.Stanwood,Lima,Comoros,TN,Georgia,426
Natka,LaRue,Natka.LaRue@yopmail.com,worker,Natka.LaRue,Libreville,Guatemala,BF,California,427
Lucille,Peg,Lucille.Peg@yopmail.com,developer,Lucille.Peg,Ouagadougou,Jordan,DO,Wisconsin,428
Ellette,Laverne,Ellette.Laverne@yopmail.com,firefighter,Ellette.Laverne,Kiev,Puerto Rico,AZ,Idaho,429
Constance,Florina,Constance.Florina@yopmail.com,firefighter,Constance.Florina,Jerusalem,India,FR,Massachusetts,430
Charissa,Han,Charissa.Han@yopmail.com,police officer,Charissa.Han,Newcastle,Ethiopia,SZ,Vermont,431
Kristan,Aurelio,Kristan.Aurelio@yopmail.com,police officer,Kristan.Aurelio,Bishkek,Georgia,GY,Alabama,432
Dagmar,Prouty,Dagmar.Prouty@yopmail.com,firefighter,Dagmar.Prouty,Incheon,Iraq,IQ,Massachusetts,433
Raquela,Verger,Raquela.Verger@yopmail.com,firefighter,Raquela.Verger,Podgorica,"Congo, The Democratic Republic of the",DJ,Hawaii,434
Brana,Sandye,Brana.Sandye@yopmail.com,doctor,Brana.Sandye,Johor Bahru,Wallis and Futuna,SY,California,435
Gabriellia,Socha,Gabriellia.Socha@yopmail.com,developer,Gabriellia.Socha,Skopje,Georgia,ZW,Colorado,436
Fidelia,Wittie,Fidelia.Wittie@yopmail.com,firefighter,Fidelia.Wittie,Barranquilla,Suriname,HM,Wisconsin,437
Layla,Shaver,Layla.Shaver@yopmail.com,worker,Layla.Shaver,Abuja,Mexico,SJ,New Hampshire,438
Roslyn,Krystle,Roslyn.Krystle@yopmail.com,developer,Roslyn.Krystle,Lilongwe,India,AE,Massachusetts,439
Rori,Kermit,Rori.Kermit@yopmail.com,police officer,Rori.Kermit,Kaliningrad,Saint Pierre and Miquelon,BN,North Carolina,440
Danika,Manolo,Danika.Manolo@yopmail.com,police officer,Danika.Manolo,San Juan,Oman,MY,New Jersey,441
Aigneis,Nester,Aigneis.Nester@yopmail.com,doctor,Aigneis.Nester,Chittagong,Seychelles,PF,Pennsylvania,442
Ana,Kaete,Ana.Kaete@yopmail.com,doctor,Ana.Kaete,Arequipa,Saudi Arabia,FM,Nevada,443
Rubie,Terrence,Rubie.Terrence@yopmail.com,firefighter,Rubie.Terrence,Cairo,Thailand,HN,Indiana,444
Alyssa,Elisha,Alyssa.Elisha@yopmail.com,worker,Alyssa.Elisha,Bloemfontein,"Cote D""Ivoire",GU,,445
Caressa,Shaddock,Caressa.Shaddock@yopmail.com,police officer,Caressa.Shaddock,Blantyre,Turkmenistan,SJ,Florida,446
Sharlene,Buttaro,Sharlene.Buttaro@yopmail.com,police officer,Sharlene.Buttaro,Islamabad,Saint Kitts and Nevis,GG,Indiana,447
Agnese,Talia,Agnese.Talia@yopmail.com,worker,Agnese.Talia,Davao City,Greece,TO,California,448
Fidelia,Odell,Fidelia.Odell@yopmail.com,police officer,Fidelia.Odell,Nagoya,Colombia,LI,Kentucky,449
Tatiania,Ursulette,Tatiania.Ursulette@yopmail.com,worker,Tatiania.Ursulette,Suez,Malawi,UM,Delaware,450
Dawn,Hirsch,Dawn.Hirsch@yopmail.com,worker,Dawn.Hirsch,Taipei,New Caledonia,PA,Massachusetts,451
Constance,Joachim,Constance.Joachim@yopmail.com,developer,Constance.Joachim,Denpasar,Afghanistan,KH,Pennsylvania,452
Chrystel,Shaddock,Chrystel.Shaddock@yopmail.com,worker,Chrystel.Shaddock,Port Moresby,Tajikistan,VC,Missouri,453
Drucie,Ursulette,Drucie.Ursulette@yopmail.com,police officer,Drucie.Ursulette,Cartagena,Kazakhstan,US,Arizona,454
Clementine,Weide,Clementine.Weide@yopmail.com,worker,Clementine.Weide,Sana'a,South Georgia and the South Sandwich Islands,CC,Louisiana,455
Malina,Hertzfeld,Malina.Hertzfeld@yopmail.com,worker,Malina.Hertzfeld,Jakarta,Nauru,NO,North Carolina,456
Adelle,Bury,Adelle.Bury@yopmail.com,doctor,Adelle.Bury,Ho Chi Minh City,Sri Lanka,VN,Colorado,457
Steffane,Lipson,Steffane.Lipson@yopmail.com,police officer,Steffane.Lipson,So Paulo,Cocos (Keeling) Islands,BB,Georgia,458
Deirdre,Linehan,Deirdre.Linehan@yopmail.com,developer,Deirdre.Linehan,Kawasaki,Cape Verde,CV,Connecticut,459
Rubie,Bennie,Rubie.Bennie@yopmail.com,worker,Rubie.Bennie,Bissau,South Africa,OM,Alabama,460
Justinn,Isacco,Justinn.Isacco@yopmail.com,doctor,Justinn.Isacco,Maputo,"Korea, Democratic People""S Republic of",RW,Vermont,461
Cordi,Dyche,Cordi.Dyche@yopmail.com,firefighter,Cordi.Dyche,Yangon,"Macedonia, The Former Yugoslav Republic of",MQ,Pennsylvania,462
Merci,Carvey,Merci.Carvey@yopmail.com,doctor,Merci.Carvey,Zapopan,Israel,MQ,Florida,463
Ernesta,Wooster,Ernesta.Wooster@yopmail.com,doctor,Ernesta.Wooster,Lomé,China,BE,Idaho,464
Andeee,Wenda,Andeee.Wenda@yopmail.com,developer,Andeee.Wenda,Rosario,Malaysia,LB,Utah,465
Shauna,O'Carroll,Shauna.O'Carroll@yopmail.com,developer,Shauna.O'Carroll,Magadan,"Virgin Islands, U.S.",LV,Connecticut,466
Dede,Catie,Dede.Catie@yopmail.com,police officer,Dede.Catie,Istanbul,Vanuatu,CR,Michigan,467
Clementine,Loring,Clementine.Loring@yopmail.com,doctor,Clementine.Loring,Louisville,Australia,NU,Georgia,468
Deirdre,Tice,Deirdre.Tice@yopmail.com,worker,Deirdre.Tice,Antwerp,Benin,BR,Maine,469
Betta,Burkle,Betta.Burkle@yopmail.com,worker,Betta.Burkle,Minneapolis,United States Minor Outlying Islands,GY,,470
Shirlee,Tomasina,Shirlee.Tomasina@yopmail.com,police officer,Shirlee.Tomasina,Cayenne,"Palestinian Territory, Occupied",SG,New Hampshire,471
Ethel,Glenden,Ethel.Glenden@yopmail.com,doctor,Ethel.Glenden,Astana,Bolivia,AL,North Carolina,472
Bertine,Infield,Bertine.Infield@yopmail.com,developer,Bertine.Infield,Pretoria,Benin,EG,Utah,473
Jessy,Erminia,Jessy.Erminia@yopmail.com,worker,Jessy.Erminia,Monrovia,Syrian Arab Republic,JP,Rhode Island,474
Neila,Ahab,Neila.Ahab@yopmail.com,police officer,Neila.Ahab,Saipan,Denmark,SO,Connecticut,475
Delilah,Darian,Delilah.Darian@yopmail.com,firefighter,Delilah.Darian,Belém,Sri Lanka,AE,Alaska,476
Heddie,Honoria,Heddie.Honoria@yopmail.com,police officer,Heddie.Honoria,Valletta,Switzerland,CV,Connecticut,477
Lynde,Gavrila,Lynde.Gavrila@yopmail.com,developer,Lynde.Gavrila,Columbus,Uganda,CS,Oregon,478
Suzette,Raimondo,Suzette.Raimondo@yopmail.com,police officer,Suzette.Raimondo,Graz,Indonesia,MK,Oklahoma,479
Sharai,Septima,Sharai.Septima@yopmail.com,firefighter,Sharai.Septima,Whitehorse,Mauritius,MT,Maryland,480
Fernande,Levey,Fernande.Levey@yopmail.com,firefighter,Fernande.Levey,Tucson,"Cote D""Ivoire",EC,Tennessee,481
Celisse,Rosemary,Celisse.Rosemary@yopmail.com,police officer,Celisse.Rosemary,Port Said,Togo,RU,Alabama,482
Codie,Narton,Codie.Narton@yopmail.com,developer,Codie.Narton,Belmopan,Thailand,FO,Missouri,483
Charmaine,Sidonius,Charmaine.Sidonius@yopmail.com,doctor,Charmaine.Sidonius,Saint John,land Islands,KG,Michigan,484
Marcy,Westphal,Marcy.Westphal@yopmail.com,firefighter,Marcy.Westphal,Djibouti (city),Palau,VG,New Hampshire,485
Katuscha,Giff,Katuscha.Giff@yopmail.com,doctor,Katuscha.Giff,Port Said,Falkland Islands (Malvinas),AM,California,486
Siana,Ummersen,Siana.Ummersen@yopmail.com,firefighter,Siana.Ummersen,Perm,Qatar,GH,Rhode Island,487
Mellicent,Cutlerr,Mellicent.Cutlerr@yopmail.com,worker,Mellicent.Cutlerr,Medelln,Ghana,AZ,Oklahoma,488
Donnie,Agle,Donnie.Agle@yopmail.com,developer,Donnie.Agle,Blantyre,Haiti,SZ,North Dakota,489
Lulita,Ferino,Lulita.Ferino@yopmail.com,worker,Lulita.Ferino,Maseru,Tokelau,TK,Wisconsin,490
Rosene,Leonard,Rosene.Leonard@yopmail.com,developer,Rosene.Leonard,Quebec City,British Indian Ocean Territory,TM,Indiana,491
Averyl,Suzetta,Averyl.Suzetta@yopmail.com,worker,Averyl.Suzetta,Cardiff,Peru,GQ,,492
Valera,Pattin,Valera.Pattin@yopmail.com,worker,Valera.Pattin,Shigatse,"Iran, Islamic Republic Of",CG,Vermont,493
Belinda,Gert,Belinda.Gert@yopmail.com,doctor,Belinda.Gert,Fukuoka,Czech Republic,CV,North Carolina,494
Brietta,Remmer,Brietta.Remmer@yopmail.com,doctor,Brietta.Remmer,Seattle,Mongolia,GW,Texas,495
Ebonee,Dimitris,Ebonee.Dimitris@yopmail.com,police officer,Ebonee.Dimitris,Cayenne,Latvia,GH,North Carolina,496
Katleen,Bluh,Katleen.Bluh@yopmail.com,police officer,Katleen.Bluh,Curitiba,Western Sahara,SO,Kentucky,497
Ketti,Dominy,Ketti.Dominy@yopmail.com,police officer,Ketti.Dominy,Fort-de-France,Portugal,RW,New Mexico,498
Isa,Kenwood,Isa.Kenwood@yopmail.com,police officer,Isa.Kenwood,Baghdad,Comoros,SC,Indiana,499
Kayla,Margarete,Kayla.Margarete@yopmail.com,doctor,Kayla.Margarete,Castries,Tonga,MQ,North Carolina,500
Ricky,Orlene,Ricky.Orlene@yopmail.com,doctor,Ricky.Orlene,Lagos,Sudan,PL,Georgia,501
Carmela,Ardra,Carmela.Ardra@yopmail.com,doctor,Carmela.Ardra,Chongqing,United States Minor Outlying Islands,PF,,502
Dolli,Docilla,Dolli.Docilla@yopmail.com,developer,Dolli.Docilla,Adelaide,Syrian Arab Republic,FK,Massachusetts,503
Ketti,Sacken,Ketti.Sacken@yopmail.com,firefighter,Ketti.Sacken,Montevideo,Kyrgyzstan,BO,Colorado,504
Candy,Adrienne,Candy.Adrienne@yopmail.com,developer,Candy.Adrienne,Kota Bharu,Peru,CK,Minnesota,505
Minda,Nerita,Minda.Nerita@yopmail.com,worker,Minda.Nerita,Washington,Saint Vincent and the Grenadines,SZ,North Dakota,506
Doro,Nunci,Doro.Nunci@yopmail.com,worker,Doro.Nunci,Zhengzhou,United States,TW,,507
Teriann,Edee,Teriann.Edee@yopmail.com,police officer,Teriann.Edee,Detroit,Australia,WS,Colorado,508
Joelly,Nahum,Joelly.Nahum@yopmail.com,worker,Joelly.Nahum,Lahore,Maldives,AI,Indiana,509
Brianna,Bari,Brianna.Bari@yopmail.com,doctor,Brianna.Bari,İzmir,Peru,EE,Iowa,510
Myrtice,Stav,Myrtice.Stav@yopmail.com,police officer,Myrtice.Stav,Yamoussoukro,Slovenia,GB,Vermont,511
Shaine,Sisile,Shaine.Sisile@yopmail.com,developer,Shaine.Sisile,Dongguan,Martinique,TN,Minnesota,512
Melodie,Noelyn,Melodie.Noelyn@yopmail.com,doctor,Melodie.Noelyn,Chiang Mai,Haiti,NR,Oregon,513
Dale,Maryanne,Dale.Maryanne@yopmail.com,developer,Dale.Maryanne,Port Vila,Nigeria,MP,Rhode Island,514
Joy,Geffner,Joy.Geffner@yopmail.com,police officer,Joy.Geffner,Vientiane,Liechtenstein,FM,Alabama,515
Cindelyn,Ranjiv,Cindelyn.Ranjiv@yopmail.com,developer,Cindelyn.Ranjiv,Nagoya,"Palestinian Territory, Occupied",MH,Mississippi,516
Katharina,Jenness,Katharina.Jenness@yopmail.com,firefighter,Katharina.Jenness,Winnipeg,Gibraltar,NL,New Mexico,517
Yvonne,Gilmour,Yvonne.Gilmour@yopmail.com,worker,Yvonne.Gilmour,Salt Lake City,Tunisia,ZW,Illinois,518
Dulcinea,Terrence,Dulcinea.Terrence@yopmail.com,doctor,Dulcinea.Terrence,Kharkiv,United Kingdom,RE,Utah,519
Diena,Iiette,Diena.Iiette@yopmail.com,developer,Diena.Iiette,Tartu,"Lao People""S Democratic Republic",GS,Wisconsin,520
Madalyn,Beniamino,Madalyn.Beniamino@yopmail.com,firefighter,Madalyn.Beniamino,Douglas,Luxembourg,PT,,521
Gerrie,Orpah,Gerrie.Orpah@yopmail.com,firefighter,Gerrie.Orpah,Recife,Greenland,AO,California,522
Lindie,Fax,Lindie.Fax@yopmail.com,worker,Lindie.Fax,Kraków,"Korea, Republic of",CR,Rhode Island,523
Joleen,Poppy,Joleen.Poppy@yopmail.com,worker,Joleen.Poppy,Kawasaki,Sudan,GA,Illinois,524
Dorice,Skell,Dorice.Skell@yopmail.com,doctor,Dorice.Skell,Suez,Cape Verde,CD,North Dakota,525
Lonnie,Gaulin,Lonnie.Gaulin@yopmail.com,worker,Lonnie.Gaulin,Thimphu,Saint Pierre and Miquelon,YT,New Mexico,526
Joelly,Weide,Joelly.Weide@yopmail.com,worker,Joelly.Weide,Ankara,Viet Nam,MK,New Mexico,527
Cam,Fadiman,Cam.Fadiman@yopmail.com,worker,Cam.Fadiman,Tunis,United Arab Emirates,FI,,528
Abbie,Shields,Abbie.Shields@yopmail.com,doctor,Abbie.Shields,Pristina,Zimbabwe,CH,Indiana,529
Devina,Loeb,Devina.Loeb@yopmail.com,worker,Devina.Loeb,Ciudad del Este,"Virgin Islands, British",NR,California,530
Tami,Read,Tami.Read@yopmail.com,firefighter,Tami.Read,Seville,Tajikistan,KG,Mississippi,531
Cacilie,Bibi,Cacilie.Bibi@yopmail.com,developer,Cacilie.Bibi,Suva,"Taiwan, Province of China",MT,Delaware,532
Yolane,Kelula,Yolane.Kelula@yopmail.com,firefighter,Yolane.Kelula,Gaborone,Albania,PF,Mississippi,533
Florie,Salchunas,Florie.Salchunas@yopmail.com,firefighter,Florie.Salchunas,Fortaleza,Cameroon,MU,Kentucky,534
Demetris,Delila,Demetris.Delila@yopmail.com,police officer,Demetris.Delila,Dededo,"Virgin Islands, U.S.",AG,Rhode Island,535
Ginnie,Ilka,Ginnie.Ilka@yopmail.com,police officer,Ginnie.Ilka,Marrakech,Gabon,GD,Vermont,536
Kellen,Amand,Kellen.Amand@yopmail.com,police officer,Kellen.Amand,Yaoundé,Grenada,FI,Texas,537
Louella,Brunell,Louella.Brunell@yopmail.com,firefighter,Louella.Brunell,Mérida,Bangladesh,LV,West Virginia,538
Betta,Sperling,Betta.Sperling@yopmail.com,worker,Betta.Sperling,Virginia Beach,Philippines,AZ,,539
Modestia,Harriman,Modestia.Harriman@yopmail.com,doctor,Modestia.Harriman,Sitka,United States,US,Minnesota,540
Goldie,Middleton,Goldie.Middleton@yopmail.com,firefighter,Goldie.Middleton,Prague,Australia,UM,Texas,541
Alyda,Meli,Alyda.Meli@yopmail.com,doctor,Alyda.Meli,Astana,Swaziland,BM,Wyoming,542
Leontine,Fancie,Leontine.Fancie@yopmail.com,police officer,Leontine.Fancie,Barcelona,Samoa,QA,Minnesota,543
Jeanna,Argus,Jeanna.Argus@yopmail.com,worker,Jeanna.Argus,Stepanakert,Norway,GW,Maryland,544
Hayley,Agle,Hayley.Agle@yopmail.com,developer,Hayley.Agle,Brazzaville,"Tanzania, United Republic of",KH,Maryland,545
Rosanne,Pernick,Rosanne.Pernick@yopmail.com,worker,Rosanne.Pernick,Sana'a,Turkmenistan,LR,Massachusetts,546
Charissa,Riordan,Charissa.Riordan@yopmail.com,police officer,Charissa.Riordan,Nassau,Uruguay,RW,Alaska,547
Claresta,Clarissa,Claresta.Clarissa@yopmail.com,police officer,Claresta.Clarissa,Iquique,Cyprus,IM,Wisconsin,548
Constance,Mendez,Constance.Mendez@yopmail.com,firefighter,Constance.Mendez,Vitória,Tuvalu,AD,Texas,549
Nataline,Hazlett,Nataline.Hazlett@yopmail.com,developer,Nataline.Hazlett,Amman,Honduras,YE,Iowa,550
Norine,Eben,Norine.Eben@yopmail.com,developer,Norine.Eben,Harbin,Holy See (Vatican City State),NR,Michigan,551
Valeda,Lalitta,Valeda.Lalitta@yopmail.com,doctor,Valeda.Lalitta,Paris,Aruba,BS,Illinois,552
Brianna,Parette,Brianna.Parette@yopmail.com,doctor,Brianna.Parette,Albuquerque,Malawi,MW,Georgia,553
Nannie,Crudden,Nannie.Crudden@yopmail.com,police officer,Nannie.Crudden,Cape Town,Indonesia,GT,Alaska,554
Kelly,Creamer,Kelly.Creamer@yopmail.com,doctor,Kelly.Creamer,La Paz,Ireland,WS,New Jersey,555
Hettie,Rona,Hettie.Rona@yopmail.com,doctor,Hettie.Rona,South Tarawa,Bulgaria,MU,Michigan,556
Ada,Zenas,Ada.Zenas@yopmail.com,developer,Ada.Zenas,Nicosia,Tunisia,KH,,557
Siana,Medrek,Siana.Medrek@yopmail.com,firefighter,Siana.Medrek,Belize City,France,FJ,Wyoming,558
Modestia,Bahr,Modestia.Bahr@yopmail.com,doctor,Modestia.Bahr,Khartoum,Seychelles,AQ,Pennsylvania,559
Gusella,Dermott,Gusella.Dermott@yopmail.com,police officer,Gusella.Dermott,London,Zambia,ID,South Dakota,560
Halette,Astra,Halette.Astra@yopmail.com,worker,Halette.Astra,La Paz,Panama,UA,Oklahoma,561
Nariko,Huggins,Nariko.Huggins@yopmail.com,police officer,Nariko.Huggins,Jaipur,Liechtenstein,BJ,Indiana,562
Ezmeralda,Jaylene,Ezmeralda.Jaylene@yopmail.com,developer,Ezmeralda.Jaylene,Makassar,Turks and Caicos Islands,GE,Texas,563
Mignon,Fadiman,Mignon.Fadiman@yopmail.com,police officer,Mignon.Fadiman,Indianapolis,Netherlands,MA,Oklahoma,564
Sabina,Minetta,Sabina.Minetta@yopmail.com,developer,Sabina.Minetta,Rosario,Aruba,TK,California,565
Selma,Strephon,Selma.Strephon@yopmail.com,doctor,Selma.Strephon,Lagos,Malawi,CR,Colorado,566
Kelly,Millda,Kelly.Millda@yopmail.com,worker,Kelly.Millda,Vientiane,China,CU,Mississippi,567
Patricia,Judye,Patricia.Judye@yopmail.com,worker,Patricia.Judye,Luxor,Netherlands Antilles,UG,California,568
Margalo,Kussell,Margalo.Kussell@yopmail.com,doctor,Margalo.Kussell,Port Louis,Holy See (Vatican City State),AW,North Dakota,569
Molli,Rozanna,Molli.Rozanna@yopmail.com,police officer,Molli.Rozanna,Cardiff,Solomon Islands,YE,Indiana,570
Alia,Jorgan,Alia.Jorgan@yopmail.com,police officer,Alia.Jorgan,Cartagena,Kuwait,IE,Ohio,571
Agathe,Mayeda,Agathe.Mayeda@yopmail.com,firefighter,Agathe.Mayeda,Nagoya,Croatia,SE,Mississippi,572
Anallese,Campball,Anallese.Campball@yopmail.com,doctor,Anallese.Campball,Baha Blanca,Seychelles,GY,West Virginia,573
Corene,Margarete,Corene.Margarete@yopmail.com,doctor,Corene.Margarete,San Antonio,Kyrgyzstan,MX,Oregon,574
Carmencita,Trace,Carmencita.Trace@yopmail.com,doctor,Carmencita.Trace,Rio de Janeiro,land Islands,CV,Texas,575
Dorene,Couture,Dorene.Couture@yopmail.com,police officer,Dorene.Couture,Beijing,Libyan Arab Jamahiriya,KR,North Carolina,576
Andeee,Corrine,Andeee.Corrine@yopmail.com,doctor,Andeee.Corrine,Simferopol,Samoa,EG,West Virginia,577
Berta,Edvard,Berta.Edvard@yopmail.com,developer,Berta.Edvard,Riyadh,Djibouti,NE,Indiana,578
Antonietta,Catie,Antonietta.Catie@yopmail.com,firefighter,Antonietta.Catie,Melekeok,Comoros,GP,West Virginia,579
Cherilyn,Love,Cherilyn.Love@yopmail.com,firefighter,Cherilyn.Love,Suez,Christmas Island,GE,Mississippi,580
Corina,Shanley,Corina.Shanley@yopmail.com,worker,Corina.Shanley,Santiago,"Moldova, Republic of",GH,Wyoming,581
Dianemarie,Chandler,Dianemarie.Chandler@yopmail.com,developer,Dianemarie.Chandler,Kandy,Ethiopia,TC,Pennsylvania,582
Hildegaard,Kosey,Hildegaard.Kosey@yopmail.com,firefighter,Hildegaard.Kosey,Birkirkara,Brazil,AM,Wisconsin,583
Basia,Jammal,Basia.Jammal@yopmail.com,worker,Basia.Jammal,The Hague,Mali,KM,Idaho,584
Sam,Ruvolo,Sam.Ruvolo@yopmail.com,firefighter,Sam.Ruvolo,Marseille,RWANDA,LV,Indiana,585
Latisha,Dituri,Latisha.Dituri@yopmail.com,police officer,Latisha.Dituri,Lanzhou,New Caledonia,MX,Indiana,586
Livvyy,Sancho,Livvyy.Sancho@yopmail.com,worker,Livvyy.Sancho,Ibadan,Anguilla,IQ,Vermont,587
Paulita,Orlene,Paulita.Orlene@yopmail.com,doctor,Paulita.Orlene,Calama,Tuvalu,DM,Minnesota,588
Augustine,Natica,Augustine.Natica@yopmail.com,firefighter,Augustine.Natica,Riga,Argentina,GP,Missouri,589
Rani,Colbert,Rani.Colbert@yopmail.com,worker,Rani.Colbert,Virginia Beach,Guatemala,TV,Delaware,590
Rosanne,Lacombe,Rosanne.Lacombe@yopmail.com,worker,Rosanne.Lacombe,Magadan,Samoa,TT,Wisconsin,591
Marjie,Alfons,Marjie.Alfons@yopmail.com,police officer,Marjie.Alfons,Maracaibo,Isle of Man,TO,Indiana,592
Andree,Alexandr,Andree.Alexandr@yopmail.com,worker,Andree.Alexandr,Kaesong,Wallis and Futuna,GQ,Illinois,593
Paulita,Ashok,Paulita.Ashok@yopmail.com,developer,Paulita.Ashok,Maputo,Heard Island and Mcdonald Islands,VI,Oregon,594
Tonia,Saunderson,Tonia.Saunderson@yopmail.com,police officer,Tonia.Saunderson,Stanley,Mozambique,TD,North Dakota,595
Lusa,Alabaster,Lusa.Alabaster@yopmail.com,police officer,Lusa.Alabaster,Zagreb,Equatorial Guinea,QA,Indiana,596
Dawn,Rocray,Dawn.Rocray@yopmail.com,worker,Dawn.Rocray,Koror,Madagascar,GE,California,597
Merle,Anyah,Merle.Anyah@yopmail.com,doctor,Merle.Anyah,Port-au-Prince,Mongolia,GG,Arizona,598
